f_measure,gender
42,M
73,M
134.5,M
156,M
155.5,F
190.5,M
204.5,F
221,M
222,F
232.5,F
266,F
324,M
339,F
334,F
344,M
321.5,F
323.5,F
356.5,M
371.5,M
409,F
410,M
434,M
455.5,F
447,F
457.5,M
466.5,M
483,F
479.5,M
489.5,F
523.5,M
538.5,M
551.5,F
571.5,M
597.5,M
617.5,M
626,F
665.5,M
676.5,F
720,F
719,M
737.5,F
754.5,M
769,M
786,F
806,M
816.5,M
859,M
862.5,F
883.5,M
905.5,F
905.5,M
906,F
885.5,F
895,M
934,F
934.5,M
1002.5,F
1013.5,M
1074,M
1096,M
1089.5,F
1113,M
1176,F
1225,F
1261.5,F
1271,M
1294.5,M
1315,F
1318,M
1386.5,M
1435.5,M
1554.5,M
1561.5,M
1595,M
1673.5,M
1756,F
1769,F
1761.5,M
1815.5,M
1811.5,M
1833,M
1892.5,M
1899.5,F
1957.5,F
1996.5,M
2035,M
2038.5,F
2071,M
2070.5,M
2070.5,F
2037,F
2043,F
2024.5,M
2038,M
2091.5,M
2146,M
2161.5,M
2172,M
2202,F
2203.5,M
2223,F
2239,F
2246.5,M
2297,F
2318,F
2347,M
2428,F
2441,M
2461,M
2690,M
2697.5,M
2697,M
2702.5,M
2722,M
2720.5,M
2728.5,M
2811,M
2916,M
2954.5,F
2966.5,F
2970.5,F
2961,F
2958.5,M
2938.5,F
2941.5,M
2984,M
3002,M
3009,F
3009.5,F
3037.5,M
3073,F
3087.5,F
3091.5,F
3100.5,F
3086,M
3102,M
3102.5,F
3097.5,M
3095,F
3104.5,F
3162.5,M
3156,M
3178.5,M
3183,M
3357,M
3350,M
3358,M
3441.5,M
3480,M
3476,F
3483.5,M
3499.5,F
3502.5,F
3491.5,F
3483.5,M
3546,M
3580.5,F
3618.5,M
3665.5,M
3706.5,M
3709,F
3722.5,M
3856,M
3858.5,F
3869,F
3887.5,F
3890.5,M
3913.5,M
3934,M
3951.5,M
3981.5,F
4000,F
3996,M
4002,M
4050,F
4031,M
4031.5,M
4036,M
4043,M
4052,F
4063.5,F
4078.5,F
4113,F
4123.5,M
4138,F
4138,F
4230,M
4245,M
4232,F
4253.5,M
4269.5,M
4284.5,F
4312,M
4351.5,M
4297,M
4309.5,M
4325.5,M
4315,F
4323.5,F
4335,M
4377.5,F
4407,F
4393,M
4397,F
4410,M
4477.5,M
4486,F
4568.5,F
4596.5,M
4607.5,M
4660,M
4703.5,M
4740.5,M
4762,M
4741,F
4747,M
4762,F
4773,M
4772.5,F
4769,F
4795,M
4818,M
4809.5,M
4839.5,M
4865,M
4860,F
4854,M
4872,M
4932.5,M
4940,F
4925,F
4936,M
4894.5,F
4979,M
5066.5,M
5068,F
5088,M
5081,F
5120,M
5121,M
5139.5,F
5131.5,M
5160.5,M
5175.5,M
5185,F
5152.5,M
5129.5,F
5143,M
5144,F
5125.5,F
5151.5,F
5199,M
5202,M
5228,M
5223.5,F
5238.5,M
5267.5,M
5279,F
5303.5,F
5339.5,M
5375.5,M
5371.5,F
5378,M
5390.5,M
5400.5,F
5393,F
5401.5,M
5474.5,M
5510,M
5550,F
5600.5,M
5643,M
5646,F
5675.5,F
5699.5,F
5720.5,M
5736,M
5727.5,F
5788.5,F
5811.5,M
5809.5,F
5831,F
5872.5,M
5866,M
5831.5,F
5859.5,M
5895,F
5929.5,M
5890.5,M
5901,M
5933.5,M
5953,M
5985.5,M
6004.5,M
6058.5,M
6116,M
6125,F
6170.5,M
6210.5,M
6222.5,M
6198.5,F
6202,F
6211,F
6239,F
6247,M
6285.5,M
6296,F
6315.5,M
6356.5,M
6387,F
6400.5,F
6423,M
6451,M
6481.5,M
6497,M
6522.5,M
6515,F
6541,F
6556.5,M
6577,M
6585.5,M
6688,M
6718.5,M
6811,M
6818.5,F
6875,M
6865.5,M
6846,F
6825.5,F
6829,F
6838,M
6875.5,M
6883,M
6902,F
6971,M
6961.5,F
6995.5,M
7000,F
7003.5,F
7011,F
7024,M
7026.5,F
7079,M
7114,M
7116.5,M
7118.5,F
7150,M
7168,F
7199,M
7215,M
7470,M
7542,F
7586.5,F
7609,F
7663,M
7705,M
7766,F
7780.5,M
7802.5,M
7808.5,F
7886.5,M
7897,F
7940.5,M
7963.5,M
7962.5,F
8006.5,M
8047,M
8020,F
8001,F
8044,M
8084,F
8097,F
8103,F
8120,M
8145.5,M
8158,F
8147.5,F
8176.5,M
8226,M
8248.5,F
8288,M
8331.5,M
8370.5,M
8384.5,M
8377.5,F
8412.5,M
8448,M
8477,M
8512.5,M
8567,M
8589.5,M
8586,M
8572,F
8580,F
8577.5,F
8596,M
8596.5,F
8570,F
8615,M
8819,M
8887.5,M
8897.5,M
8926,F
8951,F
8980.5,M
9018.5,M
9061.5,M
9126,F
9121,F
9111.5,M
9159.5,M
9239,M
9270.5,M
9334,F
9366.5,F
9414.5,F
9431,F
9487.5,F
9514.5,F
9549,M
9546,F
9594,M
9663.5,F
9665,M
9740.5,F
9770,M
9781.5,M
9873,M
9914,M
9940.5,M
9978.5,F
10056.5,F
10064.5,F
10068,F
10091,F
10112.5,M
10140.5,M
10183.5,M
10197.5,F
10297.5,M
10314.5,F
10341,M
10369,M
10386.5,F
10420.5,M
10476.5,M
10569,M
10597.5,F
10656,M
10671.5,F
10718,M
10753.5,M
10794.5,F
10816,F
10814.5,F
10793,F
10839.5,M
10860.5,F
10870.5,M
10895,M
10950,M
11019.5,M
11041.5,F
11114,M
11075.5,F
11157,M
11193,F
11292,M
11331.5,M
11381.5,F
11397,M
11439.5,F
11522.5,M
11544,F
11583.5,M
11646.5,F
11702,F
11727.5,F
11840,M
11884.5,F
11931,M
12011,M
12041,M
12093.5,M
12164,F
12153.5,M
12179,M
12214,M
12264.5,M
12345.5,M
12375,M
12450.5,F
12466,F
12502,M
12517,M
12522.5,M
12577.5,M
12621,M
12668,M
12696,M
12706.5,M
12726,F
12782,F
12839,M
12856.5,F
12879.5,M
12868.5,F
12899,M
12933.5,M
12955.5,F
12953.5,F
12996,F
13090,M
13146,M
13203.5,F
13255,F
13281,M
13365.5,M
13420.5,F
13457.5,M
13541.5,M
13616.5,F
13614,F
13677,M
13708.5,M
13762,M
13833,F
13867.5,F
13923.5,F
13952,M
13976.5,F
14009,F
14035.5,F
14057,M
14109.5,F
14136.5,M
14177,M
14203.5,F
14232.5,M
14231,F
14281.5,M
14363,F
14386.5,M
14442,M
14463,M
14587.5,M
14612.5,F
14645,M
14678,M
14701.5,M
14741.5,M
14780,F
14823.5,F
14853,M
14930,F
14965,M
15009.5,M
15064.5,M
15111,M
15124,F
15146,M
15168,M
15167.5,M
15197,M
15266.5,M
15303,M
15326.5,F
15358.5,M
15363.5,F
15390.5,F
15450.5,M
15476,M
15516.5,M
15554.5,F
15596,F
15642.5,F
15714.5,M
15782.5,M
15866.5,M
15874,F
15884,F
15904.5,M
15970,M
15997.5,M
16030,M
16062.5,M
16159.5,M
16191,M
16215,M
16238.5,F
16271.5,M
16288.5,M
16319,M
16346,M
16376,M
16380,F
16377.5,M
16368.5,F
16383.5,F
16413,M
16425.5,M
16470,F
16528.5,M
16578,M
16583,F
16571.5,M
16625,F
16651,M
16650.5,M
16680.5,M
16683.5,F
16689,F
16743,M
16759.5,F
16741,F
16774,M
16770.5,F
16795,F
16799.5,M
16774,F
16786.5,M
16801.5,F
16806.5,M
16811.5,F
16831,F
16848,F
16851.5,F
16878,F
16887,F
16907,M
16897,F
16901.5,F
16960,M
16978,M
16969,F
16966.5,M
16993,F
17006.5,F
17026,F
17026.5,F
17037,M
17041,F
17056.5,M
17094.5,M
17108,F
17116,M
17123.5,F
17139,F
17149,F
17170,M
17196,F
17187,F
17208.5,M
17240,M
17250,M
17284,M
17286,F
17272,F
17266,M
17272.5,M
17291.5,F
17304.5,F
17283,F
17290,F
17298,F
17278.5,F
17293,M
17292.5,M
17298.5,M
17279.5,F
17294,F
17285,M
17288.5,F
17281.5,F
17278.5,F
17272,M
17279.5,F
17313,M
17328.5,F
17345.5,M
17351.5,M
17329,M
17330,F
17367,M
17367.5,M
17375,F
17374.5,F
17363.5,F
17375.5,F
17393,M
17435.5,M
17445.5,F
17450.5,F
17457.5,F
17460.5,F
17475.5,M
17484.5,M
17487.5,M
17622,M
17649.5,F
17639,F
17650.5,F
17655,M
17687,M
17699.5,F
17708,F
17696,F
17713.5,F
17713.5,F
17717.5,M
17735,F
17749.5,F
17776.5,M
17770,F
17804.5,M
17818,F
17824,F
17802.5,F
17797,F
17799,M
17803,M
17804.5,F
17811,M
17829.5,M
17829.5,F
17840,F
17846,F
17867.5,F
17880,F
17882,F
17901,F
17922,M
17935,M
17946.5,M
17977,F
17973,F
17995,M
18009.5,M
17996,F
18006.5,F
18013,F
18012.5,F
18018,F
18023.5,M
18042,M
18064,M
18069.5,F
18078.5,M
18086.5,F
18104,F
18097.5,M
18125,M
18222,F
18252,M
18262,M
18251.5,F
18253,F
18235.5,F
18311.5,F
18315.5,F
18322.5,F
18334,F
18349,F
18353,F
18367.5,M
18381,F
18366,F
18360.5,M
18372,M
18376.5,F
18401,F
18417.5,F
18422,M
18461.5,F
18483,F
18460.5,F
18457.5,F
18497.5,F
18511.5,F
18560.5,M
18562,F
18561,M
18549.5,F
18541.5,M
18524.5,F
18517.5,M
18518,F
18529,F
18536,F
18549.5,F
18573.5,M
18580,F
18611,M
18613.5,M
18614,F
18616.5,F
18617.5,M
18620,M
18630.5,F
18646.5,F
18658.5,F
18670,M
18669.5,F
18689.5,F
18687.5,F
18699,F
18695.5,F
18705,F
18697,F
18697,F
18703.5,F
18704.5,F
18725.5,F
18727,F
18724.5,F
18731,F
18733.5,F
18746.5,M
18756.5,F
18772.5,F
18790.5,M
18816.5,F
18829,F
18823,M
18819.5,M
18820.5,F
18826,F
18836,F
18859,F
18871,M
18881,F
18887,F
18897,M
18896.5,M
18883.5,M
18889.5,M
18885,F
18892,F
18903.5,M
18908.5,M
18921,F
18917,M
18923,F
18929,M
18932,F
18926.5,F
18926.5,F
18932,M
18944.5,F
18943,F
18952.5,F
18978.5,F
18979,F
18988,F
18986,F
18988,F
18992,M
18996,M
19000.5,M
19017,M
19015,M
19030.5,M
19030.5,M
19025,F
19023,F
19021,F
19041,F
19042,M
19044,M
19053,M
19066,M
19068,M
19066,M
19079.5,F
19095,M
19102.5,F
19106,M
19118.5,F
19120,F
19147.5,M
19152.5,M
19182.5,F
19183,M
19194,F
19204.5,M
19189,F
19194,M
19195.5,M
19195.5,F
19204.5,F
19217.5,M
19224,F
19232.5,M
19222.5,F
19227.5,F
19236,M
19245,M
19238.5,F
19242.5,M
19238,F
19236.5,F
19238,F
19249.5,F
19254.5,F
19261,M
19266,M
19269,M
19269.5,M
19282,M
19287.5,M
19291,M
19301.5,M
19303.5,F
19284.5,F
19296,F
19314,M
19330.5,M
19334.5,F
19342,M
19359,M
19367,F
19368,M
19369,F
19378,F
19369,M
19355.5,F
19377,F
19386.5,M
19396,F
19410,F
19415.5,F
19426,M
19438,F
19434.5,M
19443,M
19443,F
19429.5,F
19456.5,M
19469.5,M
19483,M
19490,M
19494.5,F
19504.5,F
19511,F
19512,M
19520,F
19520.5,M
19523,F
19518,M
19523,F
19522,M
19527.5,M
19532,M
19532.5,M
19528,F
19547.5,M
19564.5,F
19563.5,M
19567.5,M
19568,M
19572,M
19578.5,M
19593,M
19589,M
19586,M
19603,M
19597,F
19599.5,F
19604.5,M
19604,M
19604.5,M
19617,M
19620.5,F
19628.5,M
19632.5,M
19632.5,F
19632.5,F
19646,M
19648,M
19660,M
19663.5,F
19660.5,M
19665,F
19661.5,M
19668,F
19663.5,M
19665,M
19676,F
19661.5,F
19663.5,F
19663.5,F
19672.5,F
19674,M
19678.5,M
19679.5,F
19684,F
19690.5,M
19695,M
19702.5,M
19710,M
19718,F
19733,F
19735.5,M
19719.5,M
19740,M
19747.5,M
19753,M
19756,M
19768.5,F
19786,M
19803.5,M
19822,F
19827,M
19817,M
19823,M
19831.5,M
19836.5,M
19870.5,F
19872,M
19886.5,M
19897.5,M
19919,M
19942,F
19940.5,F
19944,M
19954.5,F
19951,M
19951.5,M
19953.5,F
19968,F
20009,M
20023.5,M
20039.5,M
20060.5,F
20052.5,M
20071.5,F
20061,F
20055,M
20064.5,F
20064,F
20083.5,M
20099,F
20111,M
20121,M
20109.5,M
20117.5,F
20125,F
20145.5,M
20155,F
20169.5,M
20190.5,M
20202,M
20210.5,M
20207.5,F
20225.5,M
20236,F
20248,F
20254,M
20269,F
20291.5,M
20307.5,M
20312.5,M
20310,M
20320,M
20353.5,F
20383.5,F
20391.5,M
20408.5,F
20405.5,M
20408,F
20411.5,M
20426.5,F
20431.5,F
20429.5,M
20431.5,M
20447.5,M
20454.5,M
20460.5,F
20499.5,F
20523,M
20542.5,M
20551,F
20556.5,M
20567,F
20562,M
20575,M
20585,M
20584.5,M
20587,F
20596,F
20614,M
20614.5,F
20631.5,F
20636.5,M
20640,M
20644,F
20649,M
20676.5,M
20680,M
20701,M
20702,M
20722.5,F
20736.5,M
20754.5,F
20764.5,M
20771.5,M
20769.5,M
20776,F
20793,F
20813,M
20812.5,M
20824.5,M
20836.5,F
20855,F
20857.5,F
20882.5,F
20889.5,F
20890.5,M
20895,M
20908,M
20910.5,F
20918,F
20918,F
20929,M
20939,M
20959.5,F
20959.5,M
20973.5,M
20994,F
20996,F
21021,M
21045.5,F
21049.5,F
21092,M
21095,M
21102.5,M
21114,M
21112,M
21117,F
21132.5,M
21152.5,F
21160,F
21174,F
21178,M
21180.5,F
21188,M
21206.5,M
21205,M
21209.5,F
21223.5,M
21233.5,F
21239.5,F
21239,M
21251.5,M
21247.5,F
21255.5,M
21265,F
21278.5,M
21280.5,M
21292,M
21301.5,F
21326.5,M
21327.5,F
21338.5,F
21329,M
21326,F
21331.5,M
21360.5,M
21380.5,M
21387.5,M
21419,F
21424.5,M
21448.5,M
21472,F
21486,M
21501.5,M
21512.5,M
21520.5,F
21530,M
21529,F
21539.5,M
21539.5,M
21542.5,M
21530.5,F
21540.5,F
21547.5,F
21550,F
21562.5,F
21579,M
21584.5,M
21606,M
21612,M
21614.5,F
21638,M
21646.5,F
21658,M
21655,M
21668.5,M
21674,M
21687,F
21685,M
21685.5,M
21714.5,F
21726.5,M
21725.5,M
21736,F
21748,F
21766.5,M
21772.5,F
21795.5,M
21869,F
21887,F
21895.5,M
21902.5,F
21916.5,M
21945,M
22037,F
22143.5,F
22170,F
22560,M
22731,F
22743,F
22771.5,M
22688.5,F
22822,M
22826,M
22828.5,F
22863.5,F
22919,F
22922.5,M
23512.5,M
23912.5,M
23939,M
23972,F
24169.5,F
24445.5,F
24471,F
24541,F
24541,F
24591,F
24606.5,M
24669,F
24795.5,M
24980,M
25151.5,M
25164,F
25191.5,M
25256.5,M
25912.5,M
25948,F
26049,F
26922,F
26982.5,F
27625,M
27939.5,F
27935,F
27942.5,F
27947,M
27989,M
28314.5,M
28827,M
29497,M
29828,M
29921,F
29968.5,F
30134.5,F
30160.5,F
30268.5,M
30394,F
30408,F
30411.5,M
30426,M
31053,F
31179,M
31305,M
32176.5,F
32193,F
32233.5,F
32248,M
32284.5,M
32330.5,M
32795,M
32826.5,F
32919,M
33656.5,M
33675,F
33746,F
33790,F
33887,F
34042.5,M
34247,M
34338.5,M
34432,M
34448,M
34641,M
34821.5,M
34856,F
34954.5,F
34960,F
35554.5,M
35839,M
35827,M
35869,F
35937.5,F
35939.5,F
36040.5,M
36004,M
36092.5,M
36121.5,M
36247.5,M
36371,F
36743,F
36767,F
36801.5,M
36888,M
36903.5,M
36914,F
36937,F
37128.5,F
37196,F
37321.5,M
37577,F
38122,M
38116,F
38241,M
38267.5,F
38301.5,F
38566,M
38575.5,M
38614.5,M
38666.5,F
38682,M
38719.5,M
38757,F
38963,M
39098,M
39809,M
40148,M
40171,F
40681,M
40990.5,F
41003,M
41299,M
41293,F
41317.5,F
41339.5,M
41341,F
41355,F
41361,M
41656.5,M
41659.5,F
41864.5,F
42313,M
42732.5,M
42831,F
42844,F
42893,M
42941,M
42956,F
42993.5,F
43313,F
43616,M
43901.5,M
43924.5,M
43956.5,F
44009.5,F
44014,F
44144.5,F
44254.5,F
44347,F
44581.5,F
44641,M
45176.5,F
45202,M
45595,F
45594,F
45609.5,M
45766,M
45805,M
45918,M
46236.5,M
46254,F
46336,M
46459,M
46522.5,F
46711,F
46839.5,M
47029.5,M
47408,F
47473,F
47510,M
47594.5,F
47631.5,F
47708,M
48189,F
48233.5,M
48499.5,M
48522.5,F
48776,M
48793,F
48912,M
49048,F
49162,F
49659.5,M
49676,M
49688,F
50009,M
50107,M
50118.5,M
50178.5,F
50184,M
50208.5,M
50254,F
50263.5,F
50259.5,F
50290.5,M
50354,F
50594,F
50566,F
50655,F
51018.5,M
51034.5,F
51325,M
51624,F
51654.5,F
51711,M
51762,F
52325,M
52355,M
52900,M
52920,F
52938.5,M
53435.5,F
53698,M
53834,F
54085.5,M
54144.5,F
54203.5,M
54438,F
54344.5,F
54391.5,F
54618.5,M
55158.5,F
55363,M
55461.5,F
55541,F
55578,F
55745.5,M
55846,F
56152,M
56245.5,F
56570.5,M
56582,F
56588.5,F
56877,M
56825.5,M
56898.5,F
56921.5,M
57008.5,M
57005.5,F
57262,M
57548,M
57966,F
57979.5,F
57991,M
57989.5,F
58000.5,F
58016,M
58009,M
58015,M
58028,M
58028.5,F
58033.5,F
58038.5,F
58048.5,M
58053.5,F
58056,F
58058,F
58065,M
58078,F
58095.5,F
58088.5,M
58092.5,M
58103,M
58109,F
58113.5,M
58118.5,F
58119,M
58129,M
58148.5,M
58145,M
58140,M
58155.5,M
58157.5,M
58156.5,M
58167.5,M
58187,F
58189.5,F
58196.5,M
58186,F
58190.5,M
58203,F
58223,M
58224.5,F
58220,M
58220.5,M
58217,F
58232,F
58238.5,M
58243.5,F
58255.5,F
58259,M
58263,M
58262,M
58274,F
58270,M
58267,F
58292.5,M
58288.5,F
58288.5,F
58287.5,F
58297,M
58287.5,M
58296,M
58300,F
58305,F
58310.5,M
58309.5,M
58316.5,F
58339.5,F
58342.5,M
58349,M
58351,F
58355.5,M
58356.5,F
58365.5,F
58371.5,M
58391.5,F
58395.5,M
58399.5,F
58395.5,F
58399,F
58401.5,F
58407,M
58405.5,M
58408.5,F
58406,M
58415,M
58424.5,M
58426,M
58430.5,M
58429.5,M
58440,F
58444,M
58450.5,M
58453,M
58456.5,M
58468.5,F
58474,M
58482,F
58489.5,M
58495.5,M
58503,M
58508.5,M
58513.5,F
58524.5,M
58539.5,M
58549.5,M
58554,F
58560.5,F
58576,F
58584,M
58589.5,M
58591.5,M
58595,F
58601.5,M
58616.5,M
58605,F
58606,F
58610.5,M
58614,F
58611.5,M
58604,F
58619.5,F
58619.5,F
58614.5,M
58613.5,M
58621,M
58622,M
58622.5,M
58632,M
58639.5,F
58646,F
58641,F
58642,M
58658.5,F
58644,M
58645.5,F
58648.5,M
58662.5,F
58660,F
58661,F
58655,M
58665,M
58655,F
58658.5,F
58645.5,F
58637.5,F
58643.5,M
58642,F
58657,F
58651.5,F
58656.5,M
58650.5,F
58656,F
58657,F
58659.5,F
58665,F
58663,F
58664.5,F
58668.5,F
58671.5,M
58684.5,M
58685.5,M
58688,M
58689.5,F
58691,F
58715,M
58720.5,M
58719,F
58727,M
58725,F
58730.5,F
58728.5,F
58732,M
58745.5,M
58752,M
58764,M
58763,F
58766,M
58771.5,M
58772.5,F
58786.5,M
58783.5,F
58790.5,M
58798,M
58808,F
58826,F
58837,M
58843,M
58853,F
58869.5,M
58868.5,F
58881,F
58881,M
58879.5,F
58882.5,M
58891.5,F
58889,F
58888.5,M
58898.5,M
58904.5,M
58908.5,F
58911.5,M
58935,F
58928.5,F
58931.5,F
58930.5,M
58933.5,F
58937,M
58936,M
58939.5,F
58939.5,M
58937,M
58938,F
58943,F
58945,F
58988,M
58993.5,M
58995.5,F
58989,F
58975.5,F
58980,F
58983.5,F
58982.5,M
58979.5,M
58977.5,F
58987.5,F
58992.5,F
58997,M
58995,M
58986,F
58993,M
58984.5,F
58984,M
58992.5,M
59006,M
59006.5,F
59005,M
59019.5,M
59027,M
59020.5,M
59026,M
59037.5,F
59035,F
59041,M
59041.5,M
59044,M
59058,M
59057.5,F
59070.5,M
59067.5,F
59063,M
59067,M
59071,F
59071,F
59078.5,M
59077,F
59094.5,M
59094,M
59093,F
59093.5,F
59098,F
59097.5,F
59105,F
59104,F
59096.5,F
59114.5,F
59121.5,M
59121,M
59119.5,F
59118,F
59120.5,F
59141,F
59143,F
59135.5,F
59141,M
59146.5,M
59152,M
59151,F
59161.5,M
59168.5,F
59170.5,F
59157.5,M
59159.5,M
59159,M
59161.5,M
59164,M
59170,M
59176,F
59188,F
59180,F
59178.5,F
59192.5,M
59197,F
59208.5,M
59214,M
59230,F
59229.5,F
59232.5,F
59228.5,F
59241,F
59243.5,F
59249.5,M
59259.5,F
59258,M
59243,F
59243.5,F
59240,F
59239.5,M
59241.5,M
59251,F
59244.5,F
59248.5,M
59256,M
59262.5,M
59261,F
59275,M
59277,M
59266,F
59278,M
59291.5,F
59305,M
59317.5,F
59328.5,F
59330,M
59335.5,M
59344.5,F
59356.5,M
59364.5,M
59380,M
59394.5,F
59324,F
59335,M
59314.5,F
59296,M
59292,M
59283,F
59316,F
59302,F
59308.5,M
59302,M
59295,F
59284.5,M
59297.5,M
59306,F
59283.5,F
59294.5,F
59260,M
59281,M
59295.5,F
59244,M
59244,F
59229.5,M
59229.5,M
59222,M
59229.5,M
59234.5,M
59246.5,M
59255,M
59309.5,M
59304.5,M
59306,M
59332,F
59342.5,M
59363,F
59370.5,M
59362,F
59369,M
59360.5,F
59343.5,M
59351.5,F
59361,F
59395.5,F
59431.5,M
59434.5,F
59432,F
59450,M
59457.5,M
59449,M
59442.5,F
59449.5,M
59454,M
59459,F
59455.5,M
59485.5,M
59523,F
59520.5,F
59517.5,M
59524,F
59529,M
59502,F
59522.5,F
59533.5,M
59527.5,M
59538,F
59542,F
59531,M
59550.5,M
59570,F
59570,M
59574,F
59573,M
59584,M
59560,F
59571.5,M
59579.5,M
59584,F
59593.5,F
59587,M
59598.5,F
59597.5,M
59600.5,M
59581.5,F
59590,M
59611,F
59617.5,M
59604.5,F
59602.5,M
59606.5,F
59602.5,F
59617,F
59622,F
59613,M
59610.5,M
59619.5,M
59618.5,M
59625,M
59641.5,F
59663.5,M
59645.5,F
59653.5,M
59654,M
59689,M
59697,F
59673,F
59635.5,F
59626,F
59657,F
59674.5,M
59659.5,F
59670.5,F
59679.5,M
59671.5,F
59673.5,M
59684.5,M
59706,F
59699.5,F
59683.5,F
59673.5,F
59674,M
59682.5,M
59662,M
59680,M
59695,M
59718,M
59715,M
59750.5,M
59770,M
59785,F
59801,F
59824.5,M
59805,M
59815.5,F
59825,F
59840,M
59841,M
59864,F
59850.5,F
59859,F
59863,F
59877,M
59880,F
59872,F
59877,M
59881,M
59919.5,M
59880,F
59890,M
59889.5,F
59902,M
59892.5,F
59889,F
59888,M
59877,F
59874,F
59843.5,F
59846.5,F
59828.5,F
59830.5,F
59815.5,M
59806.5,M
59805,M
59839,M
59844.5,F
59845.5,M
59835,F
59844,F
59856.5,M
59869.5,M
59863,F
59860.5,F
59829,M
59832.5,M
59819,F
59834.5,M
59826,F
59830.5,M
59850.5,M
59845,F
59843.5,M
59824.5,F
59841,M
59834,M
59840.5,M
59841,M
59843,M
59836,F
59832,F
59849.5,F
59856,M
59861.5,F
59857.5,M
59898,M
59889.5,M
59905,M
59916.5,F
59931.5,M
59936.5,F
59936,M
59952.5,F
59948,F
59940,F
59896.5,M
59897,F
59922.5,F
59939.5,M
59936,M
59956.5,F
59907.5,F
59922,M
59912,F
59917.5,F
59927.5,M
59932.5,M
59945.5,F
59948.5,M
59963,M
59948.5,F
59977.5,M
59957,F
59958.5,M
59951.5,F
59961,M
59968.5,F
59974,F
59992,F
60029,M
60016,F
60012.5,F
60039.5,F
60049.5,F
60039.5,F
60032.5,F
60062.5,M
60057.5,M
60053,M
60082.5,M
60089,F
60091.5,M
60124.5,M
60115.5,M
60120,F
60109.5,M
60109,M
60110.5,F
60123.5,M
60129.5,M
60111.5,F
60088,M
60086.5,F
60088,M
60081.5,M
60096,M
60116,M
60137.5,F
60133.5,F
60126,M
60132.5,F
60110,F
60099,M
60119.5,F
60122,M
60115.5,F
60109,M
60076,F
60079,F
60077,F
60081,M
60074.5,F
60086.5,M
60072.5,F
60082,F
60107.5,M
60117.5,F
60119.5,M
60119.5,F
60140,M
60135,F
60159,M
60167,M
60180,F
60186,F
60190,F
60201.5,F
60196,F
60204,F
60213.5,M
60203,F
60207.5,M
60209.5,M
60211,F
60190,F
60193.5,F
60199,M
60200,F
60189,F
60194,F
60202.5,F
60208.5,F
60220,M
60214.5,F
60229.5,F
60223,F
60211.5,F
60207,F
60215,M
60211.5,M
60214.5,F
60226,F
60230,F
60224.5,F
60215,M
60221.5,F
60227.5,F
60284.5,M
60290.5,M
60304,M
60350,M
60353,F
60368,M
60384,M
60395,F
60406.5,F
60405,M
60392,F
60374.5,F
60361.5,M
60358.5,M
60382.5,M
60392.5,F
60410,M
60396,F
60391.5,F
60385,M
60381,M
60405,F
60404,F
60443.5,M
60469.5,F
60479.5,M
60504.5,F
60482,M
60485,F
60477,F
60550.5,F
60938,M
60947,M
60978.5,M
60993.5,M
60999.5,F
60945,F
60947,M
60961.5,M
60972.5,F
61010,M
60997,M
61002.5,F
61052.5,F
61136.5,F
61185.5,M
61190,M
61180,F
61176.5,M
61189.5,M
61203,M
61238,F
61251.5,F
61276.5,F
61423.5,F
61427.5,F
61491.5,F
61499,M
61505.5,M
61520.5,F
61523.5,M
61527,M
61536.5,M
61548,M
61763,M
61772,F
61767,F
61852.5,F
61846.5,M
61843.5,M
61852.5,M
61887.5,M
61935.5,F
61950.5,M
61957.5,F
61980.5,M
62025,F
62079.5,F
62022.5,M
62036,F
62050,M
62075.5,M
62104.5,M
62120.5,M
62125,M
62153,M
62257,M
62273.5,F
62286.5,M
62332,M
62299,F
62300.5,M
62339,M
62369,M
62330,F
62319.5,F
62306,F
62352,M
62364.5,F
62423.5,M
62426,F
62504,M
62512,M
62517,F
62506,F
62534.5,M
62593.5,F
62715,M
62739.5,F
62757.5,F
62805.5,F
62816.5,F
62819,F
62886,M
62872,F
62874.5,M
62935.5,F
62943.5,M
62955,M
62952.5,F
62955,M
62976.5,M
62981,F
62990.5,F
63046,F
63061,F
63081,M
63104,F
63106.5,M
63152.5,M
63172.5,F
63168.5,F
63191.5,F
63213,M
63222,M
63227.5,M
63236,F
63231.5,M
63241.5,M
63271.5,F
63313,M
63355.5,M
63344,F
63519.5,F
63533,M
63550.5,M
63577.5,M
63603,M
63653,M
63705,F
63727.5,F
63751,M
63733.5,F
63806.5,F
63827.5,M
63821,M
63819.5,M
63875,M
63940,M
63956,M
64030,M
64066,F
64127.5,M
64127.5,F
64105.5,F
64130.5,M
64107.5,F
64129.5,M
64142.5,F
64170.5,M
64228,M
64250.5,M
64253.5,F
64255,F
64276.5,F
64300.5,M
64315,M
64357,M
64400,M
64367.5,F
64375,M
64367,F
64385,M
64400.5,M
64420.5,M
64436.5,M
64448.5,F
64465.5,M
64461,F
64453,F
64464.5,M
64478.5,F
64464.5,F
64494,M
64509,M
64503,F
64569,M
64603.5,M
64635.5,M
64663.5,M
64695.5,F
64718.5,M
64724,M
64764,M
64721,F
64747,M
64790.5,M
64830.5,M
64860.5,M
64878.5,M
64879.5,F
64900,M
64917,M
64947.5,M
64977.5,M
64998,M
65059.5,F
65083.5,M
65107.5,M
65150.5,M
65177,F
65197,M
65204.5,M
65188.5,F
65234,M
65244.5,M
65274.5,M
65302,M
65300,F
65335.5,F
65390.5,M
65371,M
65376.5,M
65356,F
65364,F
65378.5,M
65410.5,M
65420.5,F
65502,M
65533,M
65546.5,M
65594,M
65602.5,M
65624,F
65666,M
65730.5,F
65784,M
65831,M
65830,F
65823,F
65866.5,M
65952,M
66032.5,M
66092.5,F
66094.5,M
66121.5,M
66159.5,F
66186.5,F
66277.5,F
66291.5,F
66344.5,M
66429.5,M
66488.5,M
66523.5,F
66523.5,M
66565,F
66607.5,M
66585,F
66627.5,M
66669,M
66722,F
66761,F
66795,F
66845.5,F
66811.5,F
66829.5,F
66872,M
66928,F
66945,M
66978.5,F
67022,F
67128,F
67134,M
67184.5,M
67270,F
67346.5,M
67365,F
67410.5,M
67406.5,F
67463,M
67502,F
67563,M
67605,F
67619.5,M
67665.5,M
67696,M
67734,M
67738,F
67747,M
67743,F
67750,F
67740,F
67778.5,M
67776.5,F
67798,F
67819,M
67846.5,F
67836.5,F
67834,F
67863.5,M
67866.5,F
67876.5,M
67867.5,M
67873.5,M
67866.5,F
67912,M
67913.5,F
67918.5,F
67908.5,F
67946.5,F
67973.5,F
67980,F
67989.5,M
67984,F
67984,F
67984,F
68009,F
67999.5,F
67993,F
68014.5,M
68027.5,M
68041,F
68079.5,M
68085,F
68089.5,M
68092.5,F
68093,F
68070.5,F
68072.5,F
68083.5,M
68088.5,M
68110,M
68112.5,F
68109,F
68107,M
68120,F
68104,F
68103.5,F
68109.5,M
68106.5,M
68111.5,F
68115,M
68124,M
68147.5,M
68145,F
68187,M
68190.5,M
68187.5,M
68216.5,F
68240.5,M
68250,F
68286.5,M
68293.5,F
68308.5,F
68313,F
68357,M
68376,M
68366.5,F
68366,M
68397.5,M
68405.5,M
68398,F
68398.5,M
68386,F
68389.5,F
68398.5,M
68432.5,F
68422.5,F
68424,F
68436,M
68434,F
68432.5,F
68415.5,M
68440,M
68453,F
68471.5,M
68483.5,F
68479,F
68466,F
68482.5,F
68479.5,F
68531.5,M
68557,M
68554.5,F
68547.5,F
68535.5,M
68563,F
68578,M
68593.5,F
68617,M
68623.5,F
68634.5,M
68644.5,F
68644,F
68639.5,M
68642,F
68660,M
68666.5,F
68668.5,M
68675.5,F
68693,F
68714,M
68729.5,M
68725,F
68720,F
68723.5,F
68741.5,F
68746.5,M
68754.5,M
68757.5,M
68765.5,F
68782,M
68787.5,F
68791.5,M
68797,F
68800,F
68805.5,M
68805.5,F
68807,M
68802.5,F
68807,F
68815,M
68821.5,F
68832.5,F
68832,F
68824.5,F
68823,F
68831,M
68834.5,M
68844.5,F
68854.5,F
68855.5,F
68857,M
68862,F
68869,F
68872,M
68879,F
68882.5,F
68882,F
68885,F
68892,F
68905.5,M
68924,F
68933.5,F
68940.5,M
68937.5,M
68954,M
68964.5,F
68968,F
68979.5,M
68985,M
68986.5,M
68994.5,F
69018.5,M
69022,M
69035,M
69037.5,M
69036.5,F
69035,M
69036,M
69051,M
69057,F
69062,F
69068.5,M
69075,F
69078.5,M
69093,F
69097,F
69098.5,F
69102,F
69105.5,M
69109.5,F
69125.5,F
69128,F
69125.5,M
69130,M
69138,F
69140.5,M
69153.5,M
69158.5,F
69170.5,M
69170.5,F
69173,M
69181.5,M
69182.5,F
69206.5,F
69209,F
69222,M
69223,M
69208.5,F
69214.5,F
69211.5,M
69233.5,M
69233.5,M
69230.5,M
69235,M
69239.5,F
69271.5,M
69282,M
69286,F
69291.5,F
69280,F
69284.5,F
69300,M
69296.5,M
69308,F
69324.5,F
69333.5,F
69337,M
69348,M
69345.5,M
69346.5,F
69350.5,F
69366.5,F
69375,F
69379.5,M
69391.5,M
69424.5,M
69439.5,F
69434,M
69430.5,F
69441,M
69441.5,F
69439.5,M
69439.5,M
69447,F
69460,F
69465,M
69478,M
69491.5,F
69503.5,M
69501,M
69533.5,F
69569.5,M
69577.5,M
69598.5,M
69605,M
69610.5,M
69613,M
69624,F
69617.5,M
69610.5,F
69612.5,F
69618.5,F
69621,F
69628.5,F
69639.5,F
69660,M
69667.5,F
69674.5,M
69688,F
69698,M
69703,M
69718,M
69724,F
69723.5,F
69739.5,M
69754.5,M
69748.5,M
69778,M
69791,M
69799,F
69809,M
69811,F
69805.5,F
69808.5,M
69813,M
69822,F
69849,M
69860.5,M
69873,F
69888,F
69890,M
69900.5,F
69917,F
69901,M
69942,F
69949,M
69965.5,M
69977,F
69987,M
69985.5,M
69995,F
69998.5,F
70006,M
70013,M
70033,F
70047.5,F
70052,F
70052,F
70057,M
70093,F
70095,M
70108.5,M
70117,M
70100.5,M
70115,F
70110.5,F
70108,F
70134.5,F
70151,M
70161,F
70172.5,F
70186,F
70184.5,M
70194.5,M
70210,M
70221,F
70238,F
70262,M
70276,M
70276.5,M
70267.5,F
70267.5,M
70285.5,M
70312.5,M
70356.5,M
70361,M
70422,F
70423.5,M
70444,M
70462,F
70480,M
70476.5,F
70500,M
70526,F
70739.5,M
70940,M
71011,M
71058.5,M
71132.5,F
71187.5,F
71239.5,M
71265.5,M
71950.5,M
71993,M
72011.5,F
72011.5,F
72075.5,M
72809,M
72751.5,F
72754.5,M
72864,F
72872,M
72941.5,F
73020,F
72957,F
72992.5,F
73051,F
73063.5,M
73075,M
73120,F
73125.5,M
73432,F
73425.5,F
73446.5,F
73466,F
73640.5,M
73576.5,F
73930.5,F
74272.5,F
74747,M
74748,F
74844.5,M
74982,F
75018.5,M
75158.5,F
75181,F
75320,M
75312,F
75384,F
75657.5,M
75755,F
75752.5,F
75943.5,M
76323,F
76327,M
76563,F
76952,M
76863.5,F
77569,F
77693.5,M
77813,M
77887,F
77905,F
77914.5,F
78006,F
78009.5,M
78205,M
78196,F
78379.5,F
78553,F
78603.5,M
78624.5,M
78657,M
78656,M
78725.5,M
78775.5,M
78868.5,M
79156,M
79341,M
79443,F
79593,F
80125.5,M
80128.5,M
80156,M
80453,M
80527,M
80735,M
80834,F
80882,M
80909,M
81321.5,M
81367.5,M
81402.5,M
81413,F
81617,M
81688.5,F
81703.5,F
81853.5,F
81933,M
82565.5,F
82695.5,F
82700,F
82784,F
82803.5,M
82801,F
82828.5,F
82849.5,M
82890.5,F
82906,F
83337.5,F
84114,M
84256,M
84405.5,M
84593,F
84622.5,M
84641.5,F
84668.5,M
85224,F
85419,M
85388,F
85436.5,F
85815,M
85823,F
86105.5,F
86113,F
86121,F
86145.5,F
86267,F
86484.5,F
86536.5,F
86578,F
86584.5,F
86681,F
87130,M
87170,M
87167,F
87174.5,F
87303,F
87315.5,F
87392.5,F
87635.5,M
87645,F
87710.5,F
87876,F
87885,F
87888,M
87903.5,F
87907.5,M
87908,F
87923.5,M
87925,M
87925,F
87928,M
87930,F
87926,F
87925,M
87923,M
87943,M
87946.5,F
87949.5,F
87954,F
87961.5,M
87968.5,M
87970.5,F
87968,F
87965,M
87972.5,M
87972,M
87976.5,F
87978.5,M
87982.5,M
87978.5,M
87978.5,F
87979.5,F
87994,M
87995.5,M
87999.5,M
87999.5,F
88003.5,F
88002.5,F
87998.5,M
88003.5,M
88008,M
88028,M
88025,F
88032.5,F
88040.5,M
88057,M
88059,M
88068,M
88078,M
88084.5,M
88087,F
88083.5,F
88080,F
88078,F
88073.5,M
88080.5,M
88078,F
88078.5,F
88078.5,F
88083,F
88095.5,M
88102,F
88113,M
88123,F
88126,F
88145.5,M
88158.5,M
88161.5,M
88182,F
88185.5,F
88198,M
88197.5,M
88205,F
88214,M
88219.5,M
88239.5,M
88237,M
88239,M
88254.5,F
88252.5,F
88251,F
88254,F
88246.5,F
88250,M
88264.5,M
88277,F
88277,M
88294.5,M
88300,M
88301.5,F
88295.5,F
88308,F
88307.5,M
88307,F
88309.5,M
88313,F
88333,F
88333.5,M
88328.5,F
88332.5,M
88339.5,F
88347.5,M
88342.5,F
88353,F
88346.5,F
88359.5,M
88340.5,F
88330.5,F
88341,F
88346.5,M
88356.5,F
88376,M
88389.5,M
88400.5,M
88394.5,F
88404,M
88410.5,F
88404,M
88407,M
88409.5,M
88407,F
88433,M
88438.5,M
88443.5,F
88460.5,F
88455.5,M
88459.5,F
88460.5,M
88469.5,M
88468.5,F
88458.5,F
88470.5,M
88481.5,M
88479.5,F
88476.5,F
88503.5,M
88500.5,M
88501.5,F
88500.5,F
88506,F
88506,M
88521.5,M
88521.5,F
88518.5,F
88531,M
88530,F
88535.5,F
88532,F
88533.5,M
88545,M
88549,F
88560.5,M
88566,M
88564.5,M
88574,M
88581.5,M
88590,F
88592,F
88589,F
88598,F
88598.5,M
88606,M
88623,F
88642,M
88649,M
88654.5,M
88666.5,M
88680,F
88683.5,F
88674,M
88673.5,F
88667.5,M
88680,F
88713.5,M
88716.5,M
88714,F
88732,M
88733.5,F
88722,F
88689.5,F
88698.5,M
88689.5,F
88696,F
88686,F
88715,M
88715,M
88718.5,F
88723.5,M
88721.5,M
88691.5,M
88694.5,M
88731.5,M
88731,M
88770,M
88774.5,M
88776,F
88785.5,F
88818,M
88829,M
88811,F
88831,M
88824.5,M
88842,M
88849.5,F
88866,M
88866.5,M
88875.5,M
88872,F
88868,M
88915.5,F
88929,F
88955,F
88965,F
88966.5,F
88969.5,F
88970.5,M
89021.5,F
89028,F
89056.5,F
89037.5,F
89050.5,M
89071,F
89084,F
89074,F
89103,M
89113.5,M
89107.5,F
89106.5,M
89107.5,M
89114.5,F
89100,M
89099,M
89100,F
89097,F
89102,M
89107,M
89087,F
89104.5,M
89113,F
89131.5,F
89142,M
89150,M
89141.5,M
89143.5,M
89150.5,M
89145,M
89158.5,M
89139,M
89144,M
89141.5,F
89098.5,F
89104.5,M
89119.5,M
89132.5,F
89139,F
89134.5,F
89136.5,F
89140,M
89130,F
89131.5,M
89150,F
89143,M
89146,F
89135,F
89138.5,F
89135.5,M
89156.5,M
89143,M
89137.5,F
89160.5,M
89177.5,M
89191.5,M
89213.5,M
89216.5,F
89212.5,M
89203.5,M
89212,F
89236,M
89224.5,M
89221.5,M
89232.5,F
89231,M
89239,M
89241,F
89255.5,M
89296,F
89281.5,F
89306.5,M
89300.5,F
89307.5,F
89309,F
89300.5,M
89272,F
89257.5,M
89257,F
89249.5,M
89246.5,F
89264,F
89265.5,F
89285.5,F
89289.5,F
89298,M
89331.5,F
89330.5,F
89336.5,F
89343.5,M
89348.5,F
89365.5,F
89381,F
89379.5,F
89374.5,F
89378.5,F
89375,F
89378.5,M
89381.5,M
89363.5,M
89353.5,F
89370.5,F
89368.5,M
89363,F
89348,F
89360.5,F
89382.5,F
89391,M
89396,M
89410.5,M
89408.5,F
89416.5,M
89440,F
89455.5,M
89462,F
89485.5,M
89480.5,F
89484.5,M
89502,M
89504,F
